Date,Low,High,Open,Close,Volume BTC
2018-01-01 01:00:00,11351.0,12141.0,12139.01,11799.98,1923.35129295
2018-01-02 01:00:00,11280.0,13100.0,11799.98,12545.01,4707.00437392
2018-01-03 01:00:00,12493.59,13198.0,12545.01,13065.62,3506.50485117
2018-01-04 01:00:00,12512.0,13125.0,13065.05,12940.0,3391.64970247
2018-01-05 01:00:00,12624.86,14450.0,12940.0,14300.0,4376.08991819
2018-01-06 01:00:00,13659.0,14333.87,14299.99,14229.99,2234.37231516
2018-01-07 01:00:00,13160.01,14240.0,14230.0,13358.06,2265.05185786
2018-01-08 01:00:00,11888.0,13374.64,13360.31,12769.0,4870.54469513
2018-01-09 01:00:00,12100.0,12883.0,12769.0,12276.25,3254.23941198
2018-01-10 01:00:00,11471.18,12465.2,12276.25,12465.19,4831.14998556
2018-01-11 01:00:00,11011.0,12500.0,12465.2,11199.98,4917.04493846
2018-01-12 01:00:00,10800.0,11750.0,11199.99,11581.03,2659.61685947
2018-01-13 01:00:00,11571.87,12048.98,11581.03,11745.48,1838.61060118
2018-01-14 01:00:00,11000.0,11895.27,11745.48,11323.88,1913.75523616
2018-01-15 01:00:00,11150.0,11845.0,11323.87,11301.8,2563.40191586
2018-01-16 01:00:00,7909.57,11321.6,11301.8,9510.25,13011.23652616
2018-01-17 01:00:00,7221.0,10210.0,9510.26,9262.0,15646.92609244
2018-01-18 01:00:00,8860.0,10514.82,9262.0,9562.28,6824.13771626
2018-01-19 01:00:00,9265.0,10057.14,9556.12,9690.0,2787.08594037
2018-01-20 01:00:00,9619.87,10697.95,9690.0,10585.6,3105.96697739
2018-01-21 01:00:00,9250.0,10585.61,10585.6,9542.49,3167.72339501
2018-01-22 01:00:00,8345.01,9870.0,9542.49,8941.88,4979.71801672
2018-01-23 01:00:00,8111.0,9350.0,8955.07,8831.86,4124.50784422
2018-01-24 01:00:00,8650.0,9299.56,8831.86,9193.5,2416.3595867
2018-01-25 01:00:00,8880.0,9351.0,9193.52,9030.51,2161.25253285
2018-01-26 01:00:00,8456.01,9294.0,9030.51,8967.35,3507.01880877
2018-01-27 01:00:00,8810.57,9241.35,8967.36,9137.41,1938.93339262
2018-01-28 01:00:00,9113.54,9495.0,9137.42,9360.01,1682.04380844
2018-01-29 01:00:00,8900.0,9393.23,9360.01,9009.92,1941.39674129
2018-01-30 01:00:00,7905.52,9015.0,9009.92,8105.18,4971.89374762
2018-01-31 01:00:00,7800.0,8320.56,8102.86,8130.3,2987.49399517
2018-02-01 01:00:00,6666.0,8149.0,8130.31,7145.82,8162.00775579
2018-02-02 01:00:00,5770.0,7450.0,7145.82,7125.15,12900.89317055
2018-02-03 01:00:00,6551.0,7687.05,7125.14,7399.93,3885.15370643
2018-02-04 01:00:00,6257.0,7530.0,7399.93,6541.83,4399.56632115
2018-02-05 01:00:00,5086.52,6666.0,6525.79,5468.77,12666.21379435
2018-02-06 01:00:00,4680.0,6500.0,5468.68,6230.01,17511.27461088
2018-02-07 01:00:00,5822.66,7148.99,6230.01,6167.28,9265.21768765
2018-02-08 01:00:00,6167.28,7124.21,6167.28,6768.09,5306.78203659
2018-02-09 01:00:00,6400.0,7150.0,6768.1,7087.76,4311.18079332
2018-02-10 01:00:00,6700.0,7442.85,7087.76,7020.0,4067.56491447
2018-02-11 01:00:00,6430.0,7020.0,7020.0,6629.98,3023.54670043
2018-02-12 01:00:00,6612.0,7290.0,6626.38,7202.59,3100.89404468
2018-02-13 01:00:00,6824.01,7250.0,7208.49,6955.09,2590.4269521
2018-02-14 01:00:00,6900.5,7687.09,6952.01,7661.21,4347.74582323
2018-02-15 01:00:00,7559.0,8276.0,7661.21,8107.93,6281.88800754
2018-02-16 01:00:00,7851.0,8236.0,8103.81,8216.09,2817.37370908
2018-02-17 01:00:00,8138.1,9074.0,8216.1,9014.0,3498.47344212
2018-02-18 01:00:00,8196.57,9199.0,9014.0,8442.07,4353.79661331
2018-02-19 01:00:00,8403.13,9092.0,8442.06,9030.85,3279.00541241
2018-02-20 01:00:00,9025.0,9573.79,9036.97,9150.6,5422.45717182
2018-02-21 01:00:00,8300.0,9221.45,9150.6,8520.68,5768.87987632
2018-02-22 01:00:00,7855.02,8950.0,8520.68,7974.03,5231.44971122
2018-02-23 01:00:00,7777.0,8540.0,7974.03,8292.05,3622.94584245
2018-02-24 01:00:00,7636.0,8510.0,8292.04,7909.0,2742.68784873
2018-02-25 01:00:00,7601.0,8050.0,7909.0,7819.0,1888.9516628
2018-02-26 01:00:00,7661.0,8499.0,7819.0,8379.99,3736.73355027
2018-02-27 01:00:00,8211.63,8835.68,8380.0,8611.0,3154.78357285
2018-02-28 01:00:00,8420.48,9041.13,8611.08,8469.99,2952.04964997
2018-03-01 01:00:00,8412.47,8977.0,8470.0,8885.01,2375.4526363
2018-03-02 01:00:00,8765.16,9054.0,8885.01,8935.99,2147.15374601
2018-03-03 01:00:00,8934.0,9298.99,8936.0,9219.01,2269.69632218
2018-03-04 01:00:00,8975.0,9287.0,9219.01,9279.97,1652.05509528
2018-03-05 01:00:00,9206.75,9399.0,9279.97,9300.0,1703.47191734
2018-03-06 01:00:00,8545.0,9300.0,9300.0,8660.01,4120.52546787
2018-03-07 01:00:00,7605.06,8773.0,8660.01,8024.21,6536.92944524
2018-03-08 01:00:00,7345.72,8206.59,8024.2,7534.5,4655.55305982
2018-03-09 01:00:00,6770.0,7628.09,7534.49,7539.6,6648.74276411
2018-03-10 01:00:00,7077.58,7772.6,7538.78,7131.99,3039.49935355
2018-03-11 01:00:00,6926.0,7945.0,7131.99,7737.21,3618.12289239
2018-03-12 01:00:00,7120.0,8087.0,7746.75,7407.08,4048.48505931
2018-03-13 01:00:00,7200.0,7686.0,7405.56,7390.01,2572.67653608
2018-03-14 01:00:00,6408.36,7539.0,7390.01,6636.75,5160.52979601
2018-03-15 01:00:00,6200.0,6850.0,6636.76,6726.42,4466.43620319
2018-03-16 01:00:00,6468.0,7050.0,6726.42,6728.0,2569.26886144
2018-03-17 01:00:00,6280.0,6806.42,6728.0,6395.99,2372.14616013
2018-03-18 01:00:00,5930.0,6799.0,6395.99,6688.12,5328.52087571
2018-03-19 01:00:00,6600.08,7110.0,6675.96,6955.38,4503.67756023
2018-03-20 01:00:00,6720.0,7430.0,6955.37,7290.0,3681.48002712
2018-03-21 01:00:00,7121.0,7479.0,7289.99,7216.46,2905.22733977
2018-03-22 01:00:00,6885.4,7340.9,7216.46,7066.82,2481.68358631
2018-03-23 01:00:00,6732.98,7200.0,7066.82,7200.0,2299.26962766
2018-03-24 01:00:00,6907.01,7267.91,7200.0,6929.01,1806.4590059
2018-03-25 01:00:00,6836.21,7061.75,6929.0,6873.12,1361.15404155
2018-03-26 02:00:00,6322.0,6916.54,6871.12,6547.53,3156.35946024
2018-03-27 02:00:00,6255.0,6612.45,6546.99,6305.03,2439.70431056
2018-03-28 02:00:00,6270.0,6550.0,6305.03,6450.0,1725.31111287
2018-03-29 02:00:00,5610.65,6465.73,6450.0,5749.11,5264.73803446
2018-03-30 02:00:00,5350.0,5928.09,5749.1,5551.61,4801.91267726
2018-03-31 02:00:00,5364.03,5870.0,5551.61,5637.34,2391.43118564
2018-04-01 02:00:00,5240.0,5718.73,5637.28,5519.99,3435.55801136
2018-04-02 02:00:00,5496.0,5798.49,5520.0,5741.99,1724.11543831
2018-04-03 02:00:00,5703.74,6184.94,5741.99,6060.02,3323.47949289
2018-04-04 02:00:00,5450.0,6064.4,6060.0,5535.34,3038.70732823
2018-04-05 02:00:00,5371.27,5670.99,5535.34,5526.89,2299.96219413
2018-04-06 02:00:00,5336.0,5592.96,5527.84,5401.76,1517.24134466
2018-04-07 02:00:00,5395.92,5749.0,5401.77,5596.0,1316.25860188
2018-04-08 02:00:00,5595.99,5795.0,5595.99,5737.47,959.51136757
2018-04-09 02:00:00,5400.42,5862.37,5737.47,5516.55,2197.75465528
2018-04-10 02:00:00,5439.03,5579.28,5516.55,5538.59,1342.55563707
2018-04-11 02:00:00,5522.19,5650.0,5538.59,5625.53,1006.93432137
2018-04-12 02:00:00,5481.0,6568.02,5625.53,6433.42,5278.77234961
2018-04-13 02:00:00,6300.0,6709.27,6433.42,6370.0,3545.56942007
2018-04-14 02:00:00,6354.48,6603.0,6385.02,6512.99,1179.60130105
2018-04-15 02:00:00,6512.99,6838.35,6513.0,6780.06,1821.95071611
2018-04-16 02:00:00,6400.0,6818.59,6780.05,6514.99,2125.10966428
2018-04-17 02:00:00,6340.7,6619.8,6515.0,6397.24,1692.39746523
2018-04-18 02:00:00,6383.52,6681.04,6397.24,6607.49,1629.13904237
2018-04-19 02:00:00,6550.0,6738.81,6607.49,6717.01,1721.54067328
2018-04-20 02:00:00,6685.0,7299.0,6717.02,7249.49,2979.36256866
2018-04-21 02:00:00,7003.18,7397.45,7249.5,7246.46,1968.97854954
2018-04-22 02:00:00,7121.0,7350.87,7246.46,7175.0,1445.01471699
2018-04-23 02:00:00,7150.0,7347.0,7174.99,7314.52,1588.07871981
2018-04-24 02:00:00,7314.52,7995.0,7314.53,7930.35,3537.90049179
2018-04-25 02:00:00,7180.37,7972.78,7926.38,7291.02,5947.17755782
2018-04-26 02:00:00,7120.37,7694.0,7291.0,7661.0,2985.81478447
2018-04-27 02:00:00,7360.0,7777.0,7660.01,7372.35,2097.63827682
2018-04-28 02:00:00,7340.0,7745.25,7372.34,7695.0,1054.88739153
2018-04-29 02:00:00,7589.33,7800.0,7694.99,7752.88,985.85121968
2018-04-30 02:00:00,7554.57,7777.77,7752.89,7654.02,1379.34102142
2018-05-01 02:00:00,7339.0,7659.0,7654.02,7540.98,1486.172206
2018-05-02 02:00:00,7483.81,7717.0,7540.98,7693.75,1451.47115981
2018-05-03 02:00:00,7640.05,8149.99,7693.74,8099.28,2479.04248157
2018-05-04 02:00:00,7858.7,8166.0,8099.28,8108.95,1964.55148962
2018-05-05 02:00:00,8077.57,8321.0,8101.0,8210.0,1347.42642057
2018-05-06 02:00:00,7899.0,8275.0,8210.0,8015.01,1267.13113469
2018-05-07 02:00:00,7700.0,8035.58,8015.01,7856.95,1828.20200562
2018-05-08 02:00:00,7651.05,7942.0,7856.95,7743.4,1416.97022539
2018-05-09 02:00:00,7580.0,7900.0,7741.93,7847.53,1358.30332534
2018-05-10 02:00:00,7560.64,7920.0,7847.53,7587.65,1211.80036825
2018-05-11 02:00:00,7014.5,7589.31,7585.03,7055.02,2802.41677566
2018-05-12 02:00:00,6873.0,7298.14,7055.02,7092.0,1651.00513594
2018-05-13 02:00:00,7016.38,7349.0,7092.0,7299.3,980.13977543
2018-05-14 02:00:00,6887.0,7450.0,7299.3,7256.9,2853.24189536
2018-05-15 02:00:00,7128.0,7420.0,7266.8,7180.47,1593.85194343
2018-05-16 02:00:00,6860.98,7200.0,7180.46,7065.0,1911.53746066
2018-05-17 02:00:00,6800.01,7160.0,7069.72,6859.31,1102.69179471
2018-05-18 02:00:00,6751.01,7042.37,6857.19,7014.5,1041.26322174
2018-05-19 02:00:00,6940.0,7118.0,7014.5,7013.84,404.38264985
2018-05-20 02:00:00,6960.01,7285.0,7013.84,7239.5,615.97629546
2018-05-21 02:00:00,7076.51,7320.0,7244.16,7113.68,953.49501496
2018-05-22 02:00:00,6787.0,7130.66,7125.99,6801.0,1224.26418258
2018-05-23 02:00:00,6380.0,6833.01,6800.01,6418.58,2822.01402815
2018-05-24 02:00:00,6200.0,6600.0,6418.58,6479.03,2010.66022159
2018-05-25 02:00:00,6280.0,6545.23,6480.0,6431.81,1160.34920968
2018-05-26 02:00:00,6287.6,6544.44,6431.8,6313.47,548.21200407
2018-05-27 02:00:00,6225.77,6344.32,6313.47,6297.01,693.82239681
2018-05-28 02:00:00,6101.0,6368.71,6295.4,6114.37,1360.04578884
2018-05-29 02:00:00,6080.0,6545.88,6125.45,6477.56,1667.32201795
2018-05-30 02:00:00,6261.0,6549.89,6476.99,6346.19,1143.68681897
2018-05-31 02:00:00,6301.8,6528.48,6346.19,6414.16,1037.95684801
2018-06-01 02:00:00,6318.78,6528.39,6413.42,6449.77,917.64030212
2018-06-02 02:00:00,6405.66,6600.0,6447.17,6569.82,656.7934704
2018-06-03 02:00:00,6560.0,6668.12,6569.82,6618.69,685.61975403
2018-06-04 02:00:00,6375.0,6652.99,6619.0,6420.76,1025.28906655
2018-06-05 02:00:00,6330.0,6551.26,6420.03,6509.63,1185.69177339
2018-06-06 02:00:00,6383.0,6562.55,6511.98,6514.68,965.95472402
2018-06-07 02:00:00,6484.19,6586.57,6514.69,6534.74,790.43403289
2018-06-08 02:00:00,6435.0,6534.0,6532.36,6487.51,731.48622564
2018-06-09 02:00:00,6401.39,6535.0,6487.5,6401.4,398.98898758
2018-06-10 02:00:00,5712.0,6401.41,6401.41,5759.01,2410.2025349
2018-06-11 02:00:00,5620.55,5899.0,5759.01,5871.01,2109.76921334
2018-06-12 02:00:00,5501.74,5871.01,5871.0,5577.53,2404.05292549
2018-06-13 02:00:00,5211.0,5639.01,5576.57,5348.74,2509.38402639
2018-06-14 02:00:00,5335.02,5808.0,5348.74,5753.3,2514.52852764
2018-06-15 02:00:00,5503.03,5768.64,5754.61,5519.9,1151.03546522
2018-06-16 02:00:00,5465.18,5656.99,5519.89,5605.66,579.09788987
2018-06-17 02:00:00,5552.31,5660.8,5600.37,5560.88,577.43482297
2018-06-18 02:00:00,5511.01,5864.08,5562.02,5775.57,1466.9759434
2018-06-19 02:00:00,5740.43,5944.48,5775.02,5829.31,1111.73500079
2018-06-20 02:00:00,5675.79,5882.99,5829.99,5834.99,732.15853275
2018-06-21 02:00:00,5765.82,5888.48,5834.99,5801.14,721.62534179
2018-06-22 02:00:00,5100.0,5803.5,5800.01,5210.51,2358.2933058
2018-06-23 02:00:00,5184.38,5379.53,5218.82,5307.14,757.57617629
2018-06-24 02:00:00,4958.48,5401.84,5307.15,5288.01,1634.92733893
2018-06-25 02:00:00,5209.49,5443.72,5288.01,5343.6,1408.44231377
2018-06-26 02:00:00,5204.5,5380.0,5343.6,5219.45,1014.74081911
2018-06-27 02:00:00,5153.92,5367.84,5219.51,5312.21,1031.57039605
2018-06-28 02:00:00,5031.77,5328.99,5310.6,5069.64,1601.72553743
2018-06-29 02:00:00,4968.39,5375.86,5065.71,5300.0,1811.08058521
2018-06-30 02:00:00,5286.98,5523.0,5299.99,5467.89,909.16017112
2018-07-01 02:00:00,5365.72,5497.8,5467.89,5454.18,484.14107098
2018-07-02 02:00:00,5400.0,5762.46,5446.08,5695.36,1494.09822752
2018-07-03 02:00:00,5563.15,5739.78,5695.36,5592.97,967.33910603
2018-07-04 02:00:00,5507.77,5835.0,5592.97,5658.94,972.58037727
2018-07-05 02:00:00,5542.77,5750.0,5659.23,5600.69,1079.11460815
2018-07-06 02:00:00,5524.2,5673.23,5599.76,5641.39,833.24686212
2018-07-07 02:00:00,5563.98,5800.0,5641.39,5758.73,453.14423678
2018-07-08 02:00:00,5681.02,5773.0,5758.73,5718.66,487.48275011
2018-07-09 02:00:00,5652.92,5792.01,5718.16,5676.09,917.49166081
2018-07-10 02:00:00,5362.0,5680.0,5676.1,5378.9,1533.20003103
2018-07-11 02:00:00,5366.03,5478.46,5383.31,5469.99,953.47009946
2018-07-12 02:00:00,5218.0,5470.01,5470.0,5360.0,1232.9181568
2018-07-13 02:00:00,5250.0,5432.0,5360.01,5338.7,949.09007085
2018-07-14 02:00:00,5306.49,5440.0,5338.7,5375.71,398.58779477
2018-07-15 02:00:00,5351.0,5482.95,5375.71,5435.2,403.76317369
2018-07-16 02:00:00,5417.86,5749.0,5438.26,5729.94,3199.28009381
2018-07-17 02:00:00,5651.0,6400.0,5731.35,6275.13,2629.20299653
2018-07-18 02:00:00,6221.0,6514.2,6274.16,6330.31,2559.18387981
2018-07-19 02:00:00,6239.61,6490.96,6330.94,6418.3,1505.36021247
2018-07-20 02:00:00,6197.05,6580.0,6420.37,6260.19,1650.85361505
2018-07-21 02:00:00,6163.0,6363.0,6259.36,6325.4,608.9688656
2018-07-22 02:00:00,6267.01,6444.57,6325.4,6320.2,609.41081776
2018-07-23 02:00:00,6306.78,6669.99,6320.2,6609.73,1863.96184357
2018-07-24 02:00:00,6601.03,7250.0,6609.74,7189.86,3277.75968232
2018-07-25 02:00:00,6884.36,7256.0,7188.14,6970.01,2567.78271479
2018-07-26 02:00:00,6755.0,7130.0,6970.0,6815.95,1780.01589831
2018-07-27 02:00:00,6705.0,7100.0,6815.09,7025.0,1884.4786137
2018-07-28 02:00:00,6939.08,7084.06,7025.0,7055.01,542.1656503
2018-07-29 02:00:00,6979.89,7092.0,7055.01,7052.66,430.61682594
2018-07-30 02:00:00,6718.34,7098.33,7052.66,6988.46,1610.59302334
2018-07-31 02:00:00,6550.88,6985.82,6985.82,6614.43,1929.71693074
2018-08-01 02:00:00,6366.22,6612.93,6612.73,6528.65,1851.523705
2018-08-02 02:00:00,6440.22,6628.91,6524.12,6510.31,1084.87522171
2018-08-03 02:00:00,6311.0,6514.84,6510.2,6415.0,1421.49180019
2018-08-04 02:00:00,6000.0,6470.0,6414.99,6055.72,1389.76216059
2018-08-05 02:00:00,5958.0,6134.15,6055.72,6085.66,876.35638991
2018-08-06 02:00:00,5915.68,6188.83,6087.07,6010.0,1139.06128585
2018-08-07 02:00:00,5754.19,6169.86,6010.0,5802.0,1621.06203213
2018-08-08 02:00:00,5266.75,5807.64,5807.64,5420.0,2187.95081202
2018-08-09 02:00:00,5355.01,5775.0,5420.0,5700.02,1715.18197785
2018-08-10 02:00:00,5300.0,5729.86,5700.02,5400.0,1849.03222721
2018-08-11 02:00:00,5310.0,5700.0,5399.99,5473.42,1176.08079121
2018-08-12 02:00:00,5415.26,5695.77,5473.43,5560.0,783.09379553
2018-08-13 02:00:00,5411.96,5764.0,5558.97,5500.67,1468.19654961
2018-08-14 02:00:00,5200.0,5500.0,5497.0,5469.01,2157.92907628
2018-08-15 02:00:00,5463.39,5850.0,5469.01,5540.02,2467.25175613
2018-08-16 02:00:00,5477.88,5698.0,5540.01,5565.8,1451.16285822
2018-08-17 02:00:00,5545.48,5769.0,5569.33,5749.0,1288.57970131
2018-08-18 02:00:00,5560.0,5798.0,5749.0,5624.72,706.30494888
2018-08-19 02:00:00,5571.0,5718.21,5624.72,5672.46,702.07308449
2018-08-20 02:00:00,5450.0,5707.0,5677.49,5470.0,1008.6551689
2018-08-21 02:00:00,5465.0,5631.0,5469.99,5602.96,763.54457505
2018-08-22 02:00:00,5415.18,5944.09,5602.96,5493.07,2031.81242634
2018-08-23 02:00:00,5490.53,5686.0,5495.0,5662.61,833.11392461
2018-08-24 02:00:00,5580.0,5777.96,5662.61,5759.43,965.96462627
2018-08-25 02:00:00,5721.0,5833.12,5759.43,5795.56,583.26574179
2018-08-26 02:00:00,5659.18,5817.33,5795.56,5760.61,548.92161711
2018-08-27 02:00:00,5739.08,5925.0,5763.16,5906.79,859.84290306
2018-08-28 02:00:00,5885.6,6108.42,5906.79,6061.0,1879.78846679
2018-08-29 02:00:00,5914.35,6112.28,6061.01,6010.0,1352.49881942
2018-08-30 02:00:00,5828.38,6024.0,6009.99,5986.82,1273.63186756
2018-08-31 02:00:00,5927.5,6097.5,5992.27,6042.0,934.26213213
2018-09-01 02:00:00,6042.0,6248.4,6042.01,6189.91,876.22296199
2018-09-02 02:00:00,6152.5,6332.53,6186.4,6289.22,882.731356
2018-09-03 02:00:00,6206.7,6322.0,6289.22,6261.3,985.84491735
2018-09-04 02:00:00,6248.4,6426.9,6262.1,6357.17,1052.32129879
2018-09-05 02:00:00,5734.84,6400.0,6357.16,5758.62,2724.20732038
2018-09-06 02:00:00,5412.2,5770.88,5758.62,5602.3,2248.61380625
2018-09-07 02:00:00,5450.62,5646.85,5602.86,5529.0,1047.26055607
2018-09-08 02:00:00,5338.0,5600.0,5535.0,5380.77,1047.08540151
2018-09-09 02:00:00,5368.0,5579.0,5380.77,5409.4,654.1540712
2018-09-10 02:00:00,5393.0,5514.29,5411.44,5454.16,898.69176262
2018-09-11 02:00:00,5325.69,5527.91,5454.16,5422.51,1134.41240952
2018-09-12 02:00:00,5350.0,5469.61,5422.5,5453.75,925.62095793
2018-09-13 02:00:00,5453.75,5600.0,5453.76,5557.11,1217.32747949
2018-09-14 02:00:00,5470.17,5631.3,5552.53,5588.65,1056.59297839
2018-09-15 02:00:00,5579.98,5669.15,5588.65,5624.31,419.51577143
2018-09-16 02:00:00,5518.37,5624.31,5624.31,5597.74,380.06044996
2018-09-17 02:00:00,5324.0,5617.84,5596.69,5372.0,1263.0618205
2018-09-18 02:00:00,5348.17,5469.0,5372.01,5448.0,847.08307759
2018-09-19 02:00:00,5263.16,5580.0,5445.0,5475.0,1135.64266931
2018-09-20 02:00:00,5410.0,5554.0,5475.0,5524.44,681.35231488
2018-09-21 02:00:00,5522.01,5775.0,5530.07,5760.0,1491.04579852
2018-09-22 02:00:00,5636.75,5800.0,5760.0,5725.74,627.2112209
2018-09-23 02:00:00,5677.52,5768.0,5725.73,5722.87,451.48959472
2018-09-24 02:00:00,5600.02,5729.66,5717.76,5605.8,784.98325695
2018-09-25 02:00:00,5402.0,5605.79,5605.79,5478.13,1128.45959538
2018-09-26 02:00:00,5440.91,5580.0,5478.18,5509.02,782.58901853
2018-09-27 02:00:00,5497.51,5784.3,5509.01,5742.8,967.33281678
2018-09-28 02:00:00,5650.01,5843.08,5742.8,5718.55,1053.20711797
2018-09-29 02:00:00,5591.72,5718.55,5718.55,5680.0,573.21291586
2018-09-30 02:00:00,5640.0,5737.18,5684.05,5703.31,466.78742713
2018-10-01 02:00:00,5615.0,5725.54,5701.59,5687.45,755.07687886
2018-10-02 02:00:00,5616.66,5710.16,5687.46,5646.0,624.01726117
2018-10-03 02:00:00,5551.0,5660.66,5645.99,5639.02,885.89840306
2018-10-04 02:00:00,5639.01,5746.54,5639.02,5700.01,717.6114929
2018-10-05 02:00:00,5658.83,5750.0,5700.0,5734.66,657.36568449
2018-10-06 02:00:00,5690.46,5734.66,5734.66,5704.14,303.81758294
2018-10-07 02:00:00,5661.0,5725.0,5704.14,5715.69,307.72231047
2018-10-08 02:00:00,5682.5,5820.0,5715.69,5768.62,866.42123244
2018-10-09 02:00:00,5747.26,5792.0,5769.34,5754.89,654.60300472
2018-10-10 02:00:00,5640.0,5754.89,5754.89,5669.08,829.13363382
2018-10-11 02:00:00,5306.0,5669.08,5669.07,5320.94,2310.49812243
2018-10-12 02:00:00,5303.32,5409.85,5320.93,5389.0,647.59326866
2018-10-13 02:00:00,5380.0,5410.71,5389.0,5397.72,304.87162504
2018-10-14 02:00:00,5351.0,5432.0,5397.71,5364.75,381.55217026
2018-10-15 02:00:00,5351.0,5825.0,5364.75,5566.01,2130.66635479
2018-10-16 02:00:00,5540.0,5628.59,5566.01,5589.93,829.43623772
2018-10-17 02:00:00,5564.68,5624.0,5586.48,5614.06,810.20878445
2018-10-18 02:00:00,5570.0,5641.37,5614.06,5584.51,648.51526831
2018-10-19 02:00:00,5570.0,5594.18,5584.52,5576.99,456.3936188
2018-10-20 02:00:00,5560.0,5608.42,5576.99,5593.52,293.12228271
2018-10-21 02:00:00,5585.0,5627.0,5593.52,5586.33,282.89635923
2018-10-22 02:00:00,5570.1,5617.15,5586.32,5605.0,540.19896142
2018-10-23 02:00:00,5569.0,5611.25,5605.01,5590.68,638.7563596
2018-10-24 02:00:00,5590.67,5670.0,5590.67,5640.02,770.51587938
2018-10-25 02:00:00,5581.56,5651.59,5640.02,5631.75,623.53091588
2018-10-26 02:00:00,5620.26,5667.92,5631.76,5637.14,601.92037155
2018-10-27 02:00:00,5620.0,5643.9,5637.04,5634.85,301.14451344
2018-10-28 02:00:00,5624.01,5637.99,5634.85,5635.73,242.61380612
2018-10-29 01:00:00,5460.95,5639.0,5635.72,5519.13,1007.36267348
2018-10-30 01:00:00,5510.92,5546.19,5519.48,5540.0,655.62278619
2018-10-31 01:00:00,5503.0,5603.94,5540.0,5590.86,621.9090061
2018-11-01 01:00:00,5533.0,5594.44,5590.86,5573.03,555.59701095
2018-11-02 01:00:00,5562.42,5599.04,5573.03,5589.96,528.7968708
2018-11-03 01:00:00,5555.25,5589.97,5589.96,5576.49,251.31534731
2018-11-04 01:00:00,5560.21,5670.0,5576.49,5638.42,506.40605919
2018-11-05 01:00:00,5601.0,5655.65,5638.41,5618.6,619.61646834
2018-11-06 01:00:00,5618.59,5660.0,5618.59,5654.32,777.30194454
2018-11-07 01:00:00,5654.31,5738.28,5654.31,5700.0,825.52914174
2018-11-08 01:00:00,5613.55,5707.91,5699.99,5642.0,727.70116598
2018-11-09 01:00:00,5567.65,5666.97,5642.0,5607.02,712.29872653
2018-11-10 01:00:00,5607.0,5643.41,5607.01,5621.01,258.09838088
2018-11-11 01:00:00,5566.77,5625.5,5621.01,5619.74,271.24179049
2018-11-12 01:00:00,5619.75,5670.0,5619.75,5649.48,626.11785738
2018-11-13 01:00:00,5568.51,5649.48,5649.48,5569.61,692.82743559
2018-11-14 01:00:00,4740.0,5594.47,5569.61,4998.99,4110.4822421
2018-11-15 01:00:00,4640.01,5030.98,4998.99,4921.0,2525.9889347
2018-11-16 01:00:00,4747.19,5089.99,4916.49,4830.8,970.26452382
2018-11-17 01:00:00,4771.27,4849.33,4828.85,4829.01,510.37550413
2018-11-18 01:00:00,4829.0,4936.62,4829.0,4878.33,529.43329787
2018-11-19 01:00:00,4105.0,4879.41,4878.77,4140.01,5010.04813423
2018-11-20 01:00:00,3556.25,4254.94,4140.01,3850.01,8274.53968915
2018-11-21 01:00:00,3732.72,4103.95,3843.16,4000.21,2821.15974803
2018-11-22 01:00:00,3726.2,4028.99,4005.25,3739.95,1610.26380559
2018-11-23 01:00:00,3601.06,3824.68,3739.95,3789.01,2547.94847531
2018-11-24 01:00:00,3259.99,3837.72,3789.01,3320.0,3093.5350352
2018-11-25 01:00:00,3050.98,3633.93,3320.0,3475.89,7119.94500042
2018-11-26 01:00:00,3120.01,3582.5,3474.54,3291.5,4082.61114712
2018-11-27 01:00:00,3160.01,3390.0,3291.5,3347.39,2313.34645317
2018-11-28 01:00:00,3342.89,3882.67,3347.38,3726.26,4133.47629645
2018-11-29 01:00:00,3602.98,3911.52,3726.22,3740.05,2749.66968606
2018-11-30 01:00:00,3404.85,3775.0,3740.05,3530.01,2463.93007532
2018-12-01 01:00:00,3453.43,3778.0,3530.01,3681.89,1318.08749513
2018-12-02 01:00:00,3575.0,3770.0,3681.89,3630.14,861.39916241
2018-12-03 01:00:00,3326.82,3643.36,3630.13,3390.01,2204.28758296
2018-12-04 01:00:00,3301.21,3562.92,3390.01,3450.0,1584.53104758
2018-12-05 01:00:00,3252.73,3458.2,3449.99,3267.93,1741.16541099
2018-12-06 01:00:00,3037.42,3399.0,3267.97,3037.42,2659.47788435
2018-12-07 01:00:00,2850.09,3175.0,3037.49,2992.85,4540.34048882
2018-12-08 01:00:00,2870.08,3080.99,2992.85,3004.24,1690.65055037
2018-12-09 01:00:00,2985.0,3200.0,3004.25,3106.36,1321.84228798
2018-12-10 01:00:00,2963.44,3150.0,3106.88,3015.03,1776.19016572
2018-12-11 01:00:00,2923.69,3022.0,3015.03,2966.01,1545.70413969
2018-12-12 01:00:00,2952.05,3076.71,2966.0,3026.0,1467.11558133
2018-12-13 01:00:00,2861.15,3028.06,3025.19,2886.91,2143.39307806
2018-12-14 01:00:00,2800.32,2919.0,2886.91,2835.5,2539.44173392
2018-12-15 01:00:00,2780.33,2865.0,2835.49,2830.45,1286.91649701
2018-12-16 01:00:00,2821.81,2885.0,2830.45,2840.42,822.61114985
2018-12-17 01:00:00,2830.0,3167.12,2840.47,3093.95,3003.04610427
2018-12-18 01:00:00,3032.5,3278.2,3090.94,3236.31,2249.26566079
2018-12-19 01:00:00,3214.71,3490.0,3236.32,3244.05,4544.52004448
2018-12-20 01:00:00,3229.35,3672.38,3244.06,3575.81,4750.43012966
2018-12-21 01:00:00,3340.0,3644.98,3575.8,3401.7,2935.73246226
2018-12-22 01:00:00,3358.0,3539.99,3401.7,3518.99,1153.77796877
2018-12-23 01:00:00,3463.01,3580.0,3519.0,3499.01,1114.42856686
2018-12-24 01:00:00,3499.0,3740.0,3499.0,3559.98,2459.15776457
2018-12-25 01:00:00,3257.27,3566.9,3559.99,3341.98,2015.27335824
2018-12-26 01:00:00,3275.0,3435.43,3341.98,3379.17,1023.34981531
2018-12-27 01:00:00,3122.58,3391.54,3379.17,3157.17,1909.25064471
2018-12-28 01:00:00,3157.17,3450.0,3157.17,3408.78,2522.75266065
2018-12-29 01:00:00,3259.0,3450.0,3408.77,3284.99,1138.8605609
2018-12-30 01:00:00,3256.51,3392.25,3284.99,3376.69,713.47550238
2018-12-31 01:00:00,3189.1,3377.5,3376.61,3240.0,1591.58475334
2019-01-01 01:00:00,3204.23,3350.73,3244.16,3347.23,1070.66402375
2019-01-02 01:00:00,3302.79,3465.0,3348.39,3450.0,1356.09471762
2019-01-03 01:00:00,3306.01,3450.0,3450.0,3336.7,1253.7143879
2019-01-04 01:00:00,3310.26,3388.97,3336.7,3370.38,1122.26712186
2019-01-05 01:00:00,3332.12,3400.0,3370.38,3349.74,972.87647937
2019-01-06 01:00:00,3332.87,3590.0,3349.74,3555.02,1191.10790976
2019-01-07 01:00:00,3475.0,3570.0,3555.02,3497.02,1351.55701416
2019-01-08 01:00:00,3433.63,3600.0,3496.94,3503.1,1526.59772449
2019-01-09 01:00:00,3462.89,3544.94,3503.1,3480.01,1229.37000612
2019-01-10 01:00:00,3140.0,3504.08,3480.01,3178.01,3426.34043808
2019-01-11 01:00:00,3145.0,3259.63,3178.0,3189.98,1478.8655889
2019-01-12 01:00:00,3152.0,3217.9,3189.99,3176.47,617.61421826
2019-01-13 01:00:00,3053.03,3193.0,3176.47,3080.55,1004.52920838
2019-01-14 01:00:00,3077.5,3264.0,3081.0,3207.01,1510.62770266
2019-01-15 01:00:00,3123.01,3217.99,3207.01,3152.94,1332.08401226
2019-01-16 01:00:00,3140.48,3230.0,3152.93,3168.86,1117.91550034
2019-01-17 01:00:00,3121.0,3211.25,3168.86,3199.99,1066.28797185
2019-01-18 01:00:00,3159.94,3200.54,3198.03,3185.81,870.36637779
2019-01-19 01:00:00,3179.16,3300.0,3185.82,3253.11,654.03657297
2019-01-20 01:00:00,3078.73,3265.75,3253.11,3123.16,1034.02345605
2019-01-21 01:00:00,3086.14,3140.09,3123.16,3116.64,1202.91958825
2019-01-22 01:00:00,3030.93,3179.0,3116.63,3156.71,1154.29957524
2019-01-23 01:00:00,3111.01,3192.96,3156.7,3126.51,1280.24863071
2019-01-24 01:00:00,3111.01,3173.0,3126.02,3157.21,1071.9982585
2019-01-25 01:00:00,3111.15,3164.65,3157.21,3130.74,1081.11436481
2019-01-26 01:00:00,3115.01,3188.0,3130.73,3125.14,643.11118525
2019-01-27 01:00:00,3054.0,3137.99,3126.04,3103.2,800.35910135
2019-01-28 01:00:00,2961.15,3105.2,3103.21,3006.51,2990.84013014
2019-01-29 01:00:00,2929.21,3011.47,3006.51,2974.45,1807.73392734
2019-01-30 01:00:00,2959.44,3033.47,2974.45,2996.1,1386.85427481
2019-01-31 01:00:00,2966.0,3023.85,2996.1,2980.31,1376.95743239
2019-02-01 01:00:00,2955.0,3015.0,2980.31,3002.16,1328.92530325
2019-02-02 01:00:00,2986.0,3042.63,3002.17,3027.4,665.93274062
2019-02-03 01:00:00,2963.1,3029.88,3027.5,2983.69,623.66345425
2019-02-04 01:00:00,2974.72,3002.87,2983.69,2990.01,955.83243659
2019-02-05 01:00:00,2980.05,3024.29,2990.02,3008.0,1228.90857075
2019-02-06 01:00:00,2941.01,3018.88,3008.01,2968.0,1309.8024833
2019-02-07 01:00:00,2961.1,2987.59,2968.01,2964.99,941.30537242
2019-02-08 01:00:00,2957.18,3265.0,2965.0,3188.74,2539.73071874
2019-02-09 01:00:00,3176.03,3209.62,3188.74,3195.0,649.3597552
2019-02-10 01:00:00,3165.89,3231.86,3194.99,3224.99,659.88054134
2019-02-11 01:00:00,3171.51,3227.08,3225.0,3195.11,1132.00501376
2019-02-12 01:00:00,3162.0,3195.12,3195.12,3175.28,1237.76748019
2019-02-13 01:00:00,3165.0,3200.0,3176.15,3179.99,1188.20190832
2019-02-14 01:00:00,3148.34,3189.68,3179.99,3155.51,1151.19392218
2019-02-15 01:00:00,3155.0,3211.0,3155.51,3169.1,1239.67005694
2019-02-16 01:00:00,3168.0,3195.62,3169.11,3178.0,505.88294203
2019-02-17 01:00:00,3166.0,3241.48,3178.01,3214.74,793.60229688
2019-02-18 01:00:00,3207.11,3461.84,3213.92,3421.99,2562.58580194
2019-02-19 01:00:00,3402.1,3517.9,3422.0,3435.48,1900.66659775
2019-02-20 01:00:00,3419.54,3489.99,3435.48,3474.79,1399.94139209
2019-02-21 01:00:00,3416.03,3499.0,3474.8,3440.02,1449.17176634
2019-02-22 01:00:00,3428.16,3489.12,3440.02,3471.75,1315.20168263
2019-02-23 01:00:00,3442.45,3662.04,3471.63,3631.0,1453.59791664
2019-02-24 01:00:00,3264.0,3679.0,3631.01,3295.66,2502.37682827
2019-02-25 01:00:00,3295.66,3400.0,3297.21,3364.1,1424.29381545
2019-02-26 01:00:00,3328.0,3373.41,3364.11,3339.17,1189.00199564
2019-02-27 01:00:00,3235.0,3359.6,3339.18,3343.58,1837.36236893
2019-02-28 01:00:00,3315.16,3419.12,3343.58,3341.89,1646.76420136
2019-03-01 01:00:00,3340.74,3384.56,3341.89,3358.04,1063.4572188
2019-03-02 01:00:00,3321.0,3365.04,3358.04,3360.57,439.23137969
2019-03-03 01:00:00,3325.0,3365.0,3361.92,3333.92,599.66941671
2019-03-04 01:00:00,3252.99,3351.8,3333.93,3270.53,1366.30830564
2019-03-05 01:00:00,3263.99,3435.9,3270.53,3402.54,1793.23231624
2019-03-06 01:00:00,3368.22,3438.0,3402.54,3407.06,1097.2705396
2019-03-07 01:00:00,3389.9,3464.02,3407.07,3445.66,1584.37723702
2019-03-08 01:00:00,3367.5,3490.0,3447.0,3422.13,1481.447469
2019-03-09 01:00:00,3422.12,3514.0,3422.13,3485.0,1025.25205835
2019-03-10 01:00:00,3452.64,3485.46,3485.0,3468.22,724.97812849
2019-03-11 01:00:00,3392.47,3479.55,3468.22,3426.3,1343.71649041
2019-03-12 01:00:00,3381.16,3444.25,3425.23,3422.0,1202.29245534
2019-03-13 01:00:00,3400.0,3429.99,3422.01,3400.49,1196.75196456
2019-03-14 01:00:00,3342.14,3435.0,3400.48,3406.78,1653.66768854
2019-03-15 01:00:00,3401.0,3449.89,3406.01,3441.01,1100.72383649
2019-03-16 01:00:00,3440.65,3524.95,3441.02,3488.49,928.44294315
2019-03-17 01:00:00,3460.0,3507.92,3488.49,3497.41,501.27399041
2019-03-18 01:00:00,3475.17,3546.81,3497.4,3509.45,1183.05789172
2019-03-19 01:00:00,3489.51,3535.0,3509.5,3524.97,1227.08327357
2019-03-20 01:00:00,3505.0,3534.99,3524.97,3531.53,1045.91440772
2019-03-21 01:00:00,3456.89,3561.23,3531.01,3503.25,1389.51779704
2019-03-22 01:00:00,3490.0,3546.0,3503.25,3531.26,936.41512957
2019-03-23 01:00:00,3510.0,3545.0,3531.28,3523.81,894.61399512
2019-03-24 01:00:00,3490.81,3526.63,3526.15,3515.07,441.87255451
2019-03-25 01:00:00,3421.0,3519.55,3515.07,3458.14,1102.45620161
2019-03-26 01:00:00,3443.7,3485.2,3458.13,3482.61,1021.30575355
2019-03-27 01:00:00,3475.17,3578.99,3482.49,3576.93,1557.05215896
2019-03-28 01:00:00,3551.71,3581.82,3574.87,3574.59,1012.37331641
2019-03-29 01:00:00,3569.01,3655.0,3574.39,3653.0,1537.20188823
2019-03-30 01:00:00,3620.0,3681.0,3653.01,3649.43,634.37289548
2019-03-31 01:00:00,3635.61,3658.0,3649.43,3647.87,669.3733397
2019-04-01 02:00:00,3621.32,3707.06,3649.14,3701.67,1409.09053823
2019-04-02 02:00:00,3698.65,4500.0,3700.51,4378.7,5162.86532855
2019-04-03 02:00:00,4261.0,4759.0,4373.87,4424.98,4499.15205639
2019-04-04 02:00:00,4254.16,4511.18,4424.9,4371.69,2575.00177624
2019-04-05 02:00:00,4357.15,4510.0,4371.69,4499.35,1556.73182481
2019-04-06 02:00:00,4401.0,4677.23,4499.71,4502.21,1273.3689454
2019-04-07 02:00:00,4497.76,4685.1,4504.06,4635.01,1055.47745
2019-04-08 02:00:00,4578.0,4766.37,4635.0,4709.47,2182.81234736
2019-04-09 02:00:00,4586.0,4704.54,4704.54,4608.85,1355.01494011
2019-04-10 02:00:00,4597.01,4856.0,4609.06,4728.6,2035.18948564
2019-04-11 02:00:00,4401.0,4747.97,4730.0,4490.0,2050.02818071
2019-04-12 02:00:00,4355.0,4530.23,4489.99,4502.55,1232.4388578
2019-04-13 02:00:00,4472.78,4537.98,4500.0,4492.81,462.51675043
2019-04-14 02:00:00,4461.0,4585.75,4494.61,4567.98,595.94333192
2019-04-15 02:00:00,4400.0,4589.99,4567.97,4463.82,1413.41269189
2019-04-16 02:00:00,4446.47,4630.27,4461.89,4617.46,1234.94118804
2019-04-17 02:00:00,4585.0,4666.25,4617.47,4629.26,1164.80558455
2019-04-18 02:00:00,4627.02,4737.5,4629.26,4699.38,1147.24003107
2019-04-19 02:00:00,4630.66,4758.71,4700.01,4706.56,667.17330708
2019-04-20 02:00:00,4688.01,4764.98,4705.03,4740.0,541.91825972
2019-04-21 02:00:00,4662.24,4759.34,4740.0,4724.09,459.53032879
2019-04-22 02:00:00,4683.0,4840.26,4723.0,4789.16,970.0887342
2019-04-23 02:00:00,4776.8,5022.12,4789.16,4942.12,2084.03772552
2019-04-24 02:00:00,4825.21,5025.76,4942.11,4885.08,1724.81001855
2019-04-25 02:00:00,4500.0,4956.7,4887.34,4623.55,1885.28570531
2019-04-26 02:00:00,4531.32,4747.11,4612.8,4629.2,1529.32303808
2019-04-27 02:00:00,4600.0,4688.12,4630.02,4653.69,779.66357077
2019-04-28 02:00:00,4585.2,4695.56,4652.92,4633.01,550.70518274
2019-04-29 02:00:00,4553.34,4649.98,4633.01,4601.79,1069.82204116
2019-04-30 02:00:00,4582.26,4726.21,4601.35,4704.0,1033.0708089
2019-05-01 02:00:00,4703.01,4759.99,4703.87,4751.9,651.91326731
2019-05-02 02:00:00,4735.43,4858.0,4746.6,4830.0,1185.14946771
2019-05-03 02:00:00,4810.12,5184.99,4825.71,5048.02,3017.42501143
2019-05-04 02:00:00,4925.0,5186.0,5049.74,5160.82,1509.67685439
2019-05-05 02:00:00,5031.01,5169.0,5160.63,5110.87,746.31164207
2019-05-06 02:00:00,4988.08,5135.62,5109.65,5080.91,1061.48408301
2019-05-07 02:00:00,5080.99,5328.99,5080.99,5147.32,2091.19198112
2019-05-08 02:00:00,5080.0,5342.0,5141.28,5302.0,1559.46003536
2019-05-09 02:00:00,5297.46,5520.5,5302.0,5481.99,2132.61975045
2019-05-10 02:00:00,5427.38,5722.15,5474.34,5651.29,2432.48911617
2019-05-11 02:00:00,5650.0,6553.22,5651.29,6320.0,4143.62373162
2019-05-12 02:00:00,5858.01,6765.45,6315.33,6203.03,5617.59413856
2019-05-13 02:00:00,6108.69,7313.62,6196.29,6963.23,6068.35523354
2019-05-14 02:00:00,6810.0,7440.0,6972.28,7124.53,5405.60027548
2019-05-15 02:00:00,7000.31,7403.0,7128.6,7326.29,3261.28896708
2019-05-16 02:00:00,6862.01,7468.35,7325.96,7055.0,3411.08557862
2019-05-17 02:00:00,6000.0,7097.99,7055.01,6607.41,5975.84812636
2019-05-18 02:00:00,6474.81,6749.0,6608.4,6540.01,1284.66985775
2019-05-19 02:00:00,6522.1,7438.42,6540.0,7348.33,2871.07568793
2019-05-20 02:00:00,6810.0,7346.13,7340.04,7164.12,2994.18957056
2019-05-21 02:00:00,7030.0,7274.75,7160.46,7129.73,1523.14257208
2019-05-22 02:00:00,6745.58,7200.0,7128.54,6850.0,2024.8819847
2019-05-23 02:00:00,6725.0,7141.75,6846.32,7047.29,1922.26914017
2019-05-24 02:00:00,6990.61,7288.83,7048.0,7134.99,1904.54855193
2019-05-25 02:00:00,7100.0,7250.0,7130.74,7206.9,728.56958702
2019-05-26 02:00:00,7056.97,7886.19,7206.9,7782.75,3354.83313283
2019-05-27 02:00:00,7700.0,7977.99,7777.98,7834.54,2807.44468432
2019-05-28 02:00:00,7618.88,7885.13,7834.53,7824.18,1794.62169953
2019-05-29 02:00:00,7533.45,7870.0,7822.01,7792.61,1746.45225804
2019-05-30 02:00:00,7201.0,8191.23,7795.57,7469.97,3805.08206832
2019-05-31 02:00:00,7313.0,7700.0,7468.01,7674.98,1855.50938602
2019-06-01 02:00:00,7577.65,7725.0,7670.6,7661.06,777.93646865
2019-06-02 02:00:00,7661.06,7898.84,7661.06,7838.97,913.14884017
2019-06-03 02:00:00,7176.02,7842.23,7839.97,7231.89,1918.37695002
2019-06-04 02:00:00,6611.0,7231.45,7231.45,6817.39,4043.72997627
2019-06-05 02:00:00,6751.65,7071.2,6822.06,6930.0,1794.35615046
2019-06-06 02:00:00,6615.0,7010.0,6934.49,6923.64,1519.32738268
2019-06-07 02:00:00,6890.26,7189.99,6923.78,7071.62,1511.7219468
2019-06-08 02:00:00,6870.85,7122.43,7070.0,7005.99,552.65607048
2019-06-09 02:00:00,6685.93,7034.3,7005.45,6788.96,827.60273414
2019-06-10 02:00:00,6659.53,7174.97,6781.39,7093.81,1359.97852044
2019-06-11 02:00:00,6829.0,7119.0,7093.6,6986.85,1114.36020815
2019-06-12 02:00:00,6915.0,7336.81,6986.84,7245.0,1683.81184877
2019-06-13 02:00:00,7146.01,7396.79,7244.09,7315.76,1283.61821716
2019-06-14 02:00:00,7262.92,7791.75,7315.67,7758.4,1742.08097163
2019-06-15 02:00:00,7632.0,7900.0,7749.56,7859.99,1466.35693835
2019-06-16 02:00:00,7650.0,8216.0,7853.24,7993.53,2755.46773276
2019-06-17 02:00:00,7990.32,8440.0,7990.32,8321.58,2540.18453857
2019-06-18 02:00:00,7997.0,8333.45,8321.33,8108.68,2095.97835683
2019-06-19 02:00:00,8069.33,8300.0,8118.44,8273.71,1246.1698728
2019-06-20 02:00:00,8164.03,8500.0,8271.34,8445.34,1659.03378987
2019-06-21 02:00:00,8438.2,9000.0,8441.93,8995.74,2540.00428339
2019-06-22 02:00:00,8874.48,9885.0,8992.27,9314.9,5290.71285137
2019-06-23 02:00:00,9160.0,9879.99,9314.68,9456.99,2245.82154502
2019-06-24 02:00:00,9255.31,9748.99,9456.99,9678.96,2278.42738201
2019-06-25 02:00:00,9655.47,10340.0,9687.58,10337.85,4967.40018534
2019-06-26 02:00:00,9956.72,12193.0,10337.75,11337.96,11079.76537745
2019-06-27 02:00:00,8850.0,11654.87,11337.98,9760.49,10925.62118184
2019-06-28 02:00:00,9426.0,10945.16,9788.99,10890.0,5269.98100622
2019-06-29 02:00:00,10000.0,10876.87,10873.01,10429.32,2587.52809369
2019-06-30 02:00:00,9401.1,10690.0,10433.32,9466.76,3177.29782511
2019-07-01 02:00:00,8723.0,9890.45,9476.74,9345.0,5006.92539485
2019-07-02 02:00:00,8536.0,9700.01,9344.99,9594.16,5733.91557417
2019-07-03 02:00:00,9599.86,10635.66,9600.67,10604.98,4901.97329121
2019-07-04 02:00:00,9813.1,10682.75,10608.38,9913.1,2896.21099958
2019-07-05 02:00:00,9570.52,10211.19,9896.29,9800.8,2688.02747243
2019-07-06 02:00:00,9803.92,10435.0,9822.95,10022.8,1692.36386347
2019-07-07 02:00:00,9900.0,10343.37,10022.08,10236.41,1318.58092698
2019-07-08 02:00:00,10111.01,11049.44,10236.41,10963.57,2929.7502124
2019-07-09 02:00:00,10750.0,11442.81,10962.03,11216.89,3819.37814229
2019-07-10 02:00:00,10263.98,11700.0,11216.88,10768.3,5247.70782931
2019-07-11 02:00:00,9777.71,10768.3,10768.3,10099.99,4298.27945743
2019-07-12 02:00:00,9852.0,10600.0,10098.02,10486.6,2053.91105814
2019-07-13 02:00:00,9608.23,10518.29,10488.75,10120.44,1850.80884797
2019-07-14 02:00:00,8999.0,10178.98,10117.94,9060.98,3024.90848075
2019-07-15 02:00:00,8780.0,9850.48,9064.62,9653.66,3775.6192818
2019-07-16 02:00:00,8369.0,9808.08,9653.67,8396.77,4669.03241161
2019-07-17 02:00:00,8100.0,8918.65,8417.45,8643.3,4184.51181857
2019-07-18 02:00:00,8300.01,9579.0,8644.29,9460.0,4326.28857299
2019-07-19 02:00:00,9010.0,9560.0,9460.0,9390.02,2215.58402176
2019-07-20 02:00:00,9258.12,9921.71,9390.02,9602.26,1699.13705144
2019-07-21 02:00:00,9210.0,9675.45,9599.25,9444.64,1152.54886429
2019-07-22 02:00:00,9000.01,9541.43,9462.08,9222.82,1941.33604142
2019-07-23 02:00:00,8814.1,9222.25,9212.99,8838.57,2221.11531934
2019-07-24 02:00:00,8547.68,8921.64,8853.91,8770.44,2059.74384327
2019-07-25 02:00:00,8740.11,9141.54,8770.43,8881.59,1637.1478996
2019-07-26 02:00:00,8685.55,8924.0,8871.4,8854.88,885.825691
2019-07-27 02:00:00,8400.0,9200.0,8854.89,8521.04,1791.76121017
2019-07-28 02:00:00,8212.04,8695.0,8523.62,8574.64,893.21393569
2019-07-29 02:00:00,8425.01,8739.0,8574.88,8538.21,1004.49521421
2019-07-30 02:00:00,8421.0,8750.0,8526.42,8587.43,1350.87213124
2019-07-31 02:00:00,8572.32,9098.19,8578.86,9097.85,2122.07591013
2019-08-01 02:00:00,8937.19,9444.0,9098.18,9377.3,2054.49650777
2019-08-02 02:00:00,9283.99,9605.0,9377.24,9469.85,2139.10933045
2019-08-03 02:00:00,9450.41,9800.0,9462.02,9731.48,1394.8602286
2019-08-04 02:00:00,9500.0,9947.08,9729.53,9858.24,1417.38957746
2019-08-05 02:00:00,9858.41,10649.99,9860.84,10486.24,3208.41735256
2019-08-06 02:00:00,9955.0,10980.0,10501.01,10219.99,3818.23051926
2019-08-07 02:00:00,10126.72,10811.8,10219.97,10652.54,3335.13995265
2019-08-08 02:00:00,10251.0,10780.0,10658.11,10708.65,1906.21200919
2019-08-09 02:00:00,10420.2,10760.44,10720.75,10582.48,1432.67362664
2019-08-10 02:00:00,10017.46,10689.0,10582.48,10090.94,1741.85049045
2019-08-11 02:00:00,9905.0,10390.77,10090.94,10306.01,947.12784452
2019-08-12 02:00:00,10050.51,10314.46,10314.46,10156.01,644.81614358
2019-08-13 02:00:00,9617.7,10204.12,10156.01,9725.1,2061.21832163
2019-08-14 02:00:00,8907.31,9732.01,9732.01,8998.51,2989.58617323
2019-08-15 02:00:00,8515.0,9424.82,9005.0,9287.79,4059.25954779
2019-08-16 02:00:00,8766.96,9518.86,9282.22,9349.75,2601.02307739
2019-08-17 02:00:00,9026.01,9449.0,9349.75,9211.57,883.99578174
2019-08-18 02:00:00,9090.19,9475.0,9211.56,9319.24,842.64140746
2019-08-19 02:00:00,9266.01,9867.53,9307.57,9862.31,1699.91780925
2019-08-20 02:00:00,9531.0,9902.34,9855.57,9700.0,1212.77418144
2019-08-21 02:00:00,8889.0,9747.11,9703.9,9134.84,2184.94265715
2019-08-22 02:00:00,8822.0,9247.87,9134.91,9132.93,1105.05501324
2019-08-23 02:00:00,9056.64,9437.47,9129.5,9343.56,1044.44627002
2019-08-24 02:00:00,8900.0,9364.27,9345.72,9108.52,959.13253102
2019-08-25 02:00:00,8922.14,9286.49,9100.34,9122.43,695.8904634
2019-08-26 02:00:00,9107.41,9575.0,9107.41,9338.66,1278.91399574
2019-08-27 02:00:00,9040.0,9348.0,9336.53,9185.94,897.57335224
2019-08-28 02:00:00,8601.01,9289.0,9190.6,8787.0,2255.64509146
2019-08-29 02:00:00,8433.98,8786.95,8786.95,8586.18,2030.66722486
2019-08-30 02:00:00,8476.28,8855.14,8586.18,8732.0,1330.28345535
2019-08-31 02:00:00,8618.0,8820.01,8729.74,8737.25,493.97581362
2019-09-01 02:00:00,8701.0,8967.35,8742.86,8898.05,561.31185263
2019-09-02 02:00:00,8886.25,9550.0,8899.98,9475.02,2239.86827429
2019-09-03 02:00:00,9380.0,9838.3,9475.11,9685.37,2315.69376777
2019-09-04 02:00:00,9420.0,9800.0,9684.84,9585.61,1665.59097958
2019-09-05 02:00:00,9459.0,9644.99,9585.59,9589.98,804.93499667
2019-09-06 02:00:00,9260.0,9900.0,9586.12,9360.02,2233.96713823
2019-09-07 02:00:00,9349.42,9585.97,9360.03,9511.32,561.43983697
2019-09-08 02:00:00,9304.0,9605.0,9511.32,9449.95,555.33546186
2019-09-09 02:00:00,9141.0,9545.23,9434.84,9343.77,1229.59883702
2019-09-10 02:00:00,9001.54,9407.0,9332.26,9139.73,1286.83963336
2019-09-11 02:00:00,8930.1,9300.0,9146.56,9236.48,1084.14369485
2019-09-12 02:00:00,9130.0,9480.0,9243.0,9444.8,1249.68208568
2019-09-13 02:00:00,9110.0,9449.0,9435.71,9350.85,942.67570895
2019-09-14 02:00:00,9217.24,9410.0,9350.86,9352.46,448.91507228
2019-09-15 02:00:00,9288.0,9369.83,9354.82,9300.0,354.19473677
2019-09-16 02:00:00,9174.0,9450.0,9300.0,9332.87,1035.30259858
2019-09-17 02:00:00,9190.0,9389.33,9330.05,9217.2,1029.31031072
2019-09-18 02:00:00,9149.33,9270.0,9217.14,9214.62,798.99576253
2019-09-19 02:00:00,8750.0,9433.74,9214.62,9304.31,2722.38873865
2019-09-20 02:00:00,9131.0,9339.93,9304.31,9239.28,695.53494427
2019-09-21 02:00:00,9020.0,9241.73,9236.73,9067.95,417.48359472
2019-09-22 02:00:00,8956.99,9161.81,9065.78,9124.32,484.68390291
2019-09-23 02:00:00,8759.0,9135.45,9122.01,8818.65,1445.59613816
2019-09-24 02:00:00,7500.0,9095.0,8821.81,7815.26,7220.48870661
2019-09-25 02:00:00,7482.02,7998.79,7814.93,7724.21,3099.64847595
2019-09-26 02:00:00,7085.0,7768.05,7722.06,7377.53,3697.19544451
2019-09-27 02:00:00,7155.08,7575.75,7381.41,7495.1,1831.90209237
2019-09-28 02:00:00,7343.56,7625.0,7495.1,7523.37,852.09695785
2019-09-29 02:00:00,7235.0,7535.53,7524.65,7380.3,876.50709618
2019-09-30 02:00:00,7067.12,7680.0,7380.3,7637.79,2113.75706247
2019-10-01 02:00:00,7538.71,7859.0,7630.53,7643.36,1903.07050378
2019-10-02 02:00:00,7476.17,7669.0,7631.62,7649.0,1320.81150095
2019-10-03 02:00:00,7361.0,7689.43,7648.63,7520.0,991.34336733
2019-10-04 02:00:00,7320.0,7519.9,7519.11,7429.36,708.73512475
2019-10-05 02:00:00,7319.0,7460.0,7430.0,7428.39,433.30668128
2019-10-06 02:00:00,7117.0,7448.89,7422.52,7168.28,976.59032394
2019-10-07 02:00:00,7100.0,7570.0,7168.28,7489.45,1405.19356582
2019-10-08 02:00:00,7391.01,7599.0,7493.3,7479.97,824.30001676
2019-10-09 02:00:00,7414.01,7920.0,7470.3,7833.99,1691.53953662
2019-10-10 02:00:00,7675.0,7869.42,7831.0,7815.65,947.091857
2019-10-11 02:00:00,7461.13,8030.44,7815.63,7500.0,1141.48526068
2019-10-12 02:00:00,7490.27,7628.98,7495.0,7539.19,310.04102615
2019-10-13 02:00:00,7377.86,7685.0,7540.61,7527.01,632.50395267
2019-10-14 02:00:00,7470.0,7635.75,7525.5,7579.09,565.73662768
2019-10-15 02:00:00,7347.0,7633.37,7579.08,7400.26,819.68566279
2019-10-16 02:00:00,7165.21,7421.3,7400.5,7228.57,909.16238225
